{"schemaVersion":"1.0","appDefinitionTemplate":{"id":"/providers/Microsoft.PowerApps/apps/","type":"Microsoft.PowerApps/apps","tags":{"primaryDeviceWidth":"640","primaryDeviceHeight":"1136","supportsPortrait":"true","supportsLandscape":"true","primaryFormFactor":"Phone","publisherVersion":"3.23123.15","minimumRequiredApiVersion":"2.2.0","hasComponent":"true","hasUnlockedComponent":"true","isUnifiedRootApp":"false","sienaVersion":"20240114T004418Z-3.23123.15.0","showStatusBar":"true","offlineLargeFilesSupport":"false"},"properties":{"appVersion":"2024-01-14T00:44:18Z","lifeCycleId":"Published","createdByClientVersion":{"major":3,"minor":23123,"build":15,"revision":0,"majorRevision":0,"minorRevision":0},"minClientVersion":{"major":3,"minor":23123,"build":15,"revision":0,"majorRevision":0,"minorRevision":0},"backgroundColor":"RGBA(0,176,240,1)","backgroundImageUri":"/1217698483676208756/N027a46c1-7dfd-49d3-9985-2891889bc4d2-logoSmallFile","displayName":"PPCC24 - UI main exercise","description":"","commitMessage":"","appUris":{"documentUri":{"value":"/1217698483676208756/Na7e65400-45a2-47df-925d-32996e5e54ed-document.msapp"},"imageUris":[],"additionalUris":[{"isSolutionAware":false,"value":"/1217698483676208756/Nc58c0a15-3548-4d27-a3a4-9f9ddd005340-identity.json"}]},"createdTime":"0001-01-01T00:00:00Z","lastModifiedTime":"0001-01-01T00:00:00Z","sharedGroupsCount":0,"sharedUsersCount":0,"connectionReferences":{},"databaseReferences":{},"almMode":"Solution","performanceOptimizationEnabled":true,"canConsumeAppPass":true,"enableModernRuntimeMode":false,"executionRestrictions":{"isTeamsOnly":false,"dataLossPreventionEvaluationResult":{"status":"Compliant","lastEvaluationDate":"2023-03-05T15:43:15.166066Z","violations":[],"violationsByPolicy":[],"violationErrorMessage":"The app uses the following connectors: ."}}},"appType":"ClassicCanvasApp","appComponents":[]}}